{
    "Denmark": {
        "LRDW": 0.4160323,
        "HS": 0.367295914,
        "HR": 0.096136417,
        "G": 0.077688253,
        "CI": 0.053190072
    },
    "Ireland": {
        "LRDW": 0.921050849,
        "HS": 0.481473481,
        "HR": 0.218037952,
        "G": 0.141575699,
        "CI": 0.124868578
    },
    "Belgium": {
        "LRDW": 1.580589922,
        "HS": 0.716365061,
        "HR": 0.383231702,
        "G": 0.49738698,
        "CI": 0.416366367
    },
    "Netherlands": {
        "LRDW": 0.621557858,
        "HS": 0.359474954,
        "HR": 0.147939323,
        "G": 0.135251567,
        "CI": 0.089674515
    },
    "France": {
        "LRDW": 0.380919187,
        "HS": 0.374990954,
        "HR": 0.088280847,
        "G": 0.112214741,
        "CI": 0.111872727
    },
    "UK": {
        "LRDW": 0.543084834,
        "HS": 0.413270425,
        "HR": 0.085259231,
        "G": 0.092840212,
        "CI": 0.054275759
    }
}